;Variável Analisada;Correlação (r);Coeficiente de Determinação (R²);P-Valor
0;Idade;0.29900819333064754;0.0894058996788579;4.886693331718663e-29
1;Fumante;0.7872514304984773;0.6197648148218989;8.271435842177329e-283
2;IMC;0.19834096883362887;0.03933913991786254;2.4590855351168107e-13
3;Quantidade de Filhos;0.06799822684790478;0.004623758854459118;0.01285212852013663
