Métrica;Valor
R-Quadrado (R²);0.7474771588119513
R Múltiplo;0.864567613788506
