Região;Frequência Absoluta;Custo Total;Frequência Relativa;Gasto por Colaborador
Centro;325;401275.464762;0.22599651943564628;1234.6937377292309
Nordeste;324;434366.8583309;0.2446334420152067;1340.6384516385804
Norte;325;403571.199654;0.22728946690116522;1241.757537396923
Sudeste;364;536368.976329;0.3020805716479818;1473.541143760989
Total Geral;1338;1775582.4990759;1.0;
