Fumante;Frequência Absoluta;Custo Total;Frequência Relativa;Gasto por Colaborador
Não;1064;897406.1468919;0.5054150665254665;843.4268297856203
Sim;274;878176.352184;0.4945849334745336;3205.0231831532847
Total Geral;1338;1775582.4990758998;1.0;
