;IMC Faixas;Freq Absoluta;Freq Relativa;Freq Acumulada
0;Muito abaixo do peso;3;0.002242152466367713;0.002242152466367713
1;Abaixo do peso;17;0.012705530642750373;0.014947683109118086
2;Peso normal;225;0.1681614349775785;0.18310911808669658
3;Acima do peso;386;0.2884902840059791;0.4715994020926757
4;Obesidade I;391;0.2922272047832586;0.7638266068759343
5;Obesidade II (Severa);224;0.16741405082212257;0.9312406576980569
6;Obesidade III (Mórbida);92;0.0687593423019432;1.0
