;Região;Freq Absoluta;Freq Relativa;Freq Acumulada
3;Nordeste;324;24.2152466367713;24.2152466367713
1;Centro;325;24.28998505231689;48.50523168908819
2;Norte;325;24.28998505231689;72.79521674140508
0;Sudeste;364;27.204783258594915;100.0
