;IMC Faixas;Freq Absoluta;Freq Relativa;Freq Acumulada
0;Muito abaixo do peso;3;0.2242152466367713;0.2242152466367713
1;Abaixo do peso;17;1.2705530642750373;1.4947683109118086
2;Peso normal;225;16.81614349775785;18.31091180866966
3;Acima do peso;386;28.84902840059791;47.15994020926757
4;Obesidade I;391;29.222720478325858;76.38266068759343
5;Obesidade II (Severa);224;16.741405082212257;93.12406576980568
6;Obesidade III (Mórbida);92;6.87593423019432;100.0
