;Fumante;Freq Absoluta;Freq Relativa;Freq Acumulada
1;Sim;274;20.47832585949178;20.47832585949178
0;Não;1064;79.52167414050822;100.0
