Sexo;Frequência Absoluta;Custo Total;Frequência Relativa;Gasto por Colaborador
Feminino;662;832106.1194619;0.46863838762488863;1256.9578843835347
Masculino;676;943476.379614;0.5313616123751115;1395.6751177721894
Total Geral;1338;1775582.4990758998;1.0;
