;Região;Freq Absoluta;Freq Relativa;Freq Acumulada
0;Sudeste;364;0.27204783258594917;0.27204783258594917
1;Centro;325;0.2428998505231689;0.5149476831091181
2;Norte;325;0.2428998505231689;0.757847533632287
3;Nordeste;324;0.242152466367713;1.0
