;Sexo;Freq Absoluta;Freq Relativa;Freq Acumulada
0;Masculino;676;0.5052316890881914;0.5052316890881914
1;Feminino;662;0.4947683109118087;1.0
