;Sexo;Freq Absoluta;Freq Relativa;Freq Acumulada
1;Feminino;662;49.47683109118087;49.47683109118087
0;Masculino;676;50.52316890881914;100.0
