;Fumante;Freq Absoluta;Freq Relativa;Freq Acumulada
0;Não;1064;0.7952167414050823;0.7952167414050823
1;Sim;274;0.20478325859491778;1.0
