Idade faixas;Frequência Absoluta;Custo Total;Frequência Relativa;Gasto por Colaborador
18-27;362;329354.5593759;0.18549099213768566;909.819224795304
28-37;262;305539.464011;0.17207843858002528;1166.1811603473282
38-47;272;373457.152149;0.21032937210372674;1373.0042358419116
48-57;278;443066.879944;0.24953325467816545;1593.7657551942445
58-67;164;324164.44359599997;0.18256794250039693;1976.6124609512194
Total Geral;1338;1775582.4990758998;1.0;
